[
    {
        "citys": [
            {
                "citysName": "New York City"
            },
            {
                "citysName": "Los Angeles"
            },
            {
                "citysName": "San Francisco Bay Area"
            },
            {
                "citysName": "Boston"
            },
            {
                "citysName": "Chicago"
            },
            {
                "citysName": "Seattle"
            },
            {
                "citysName": "Washington, D.C"
            },
            {
                "citysName": "Philadelphia"
            },
            {
                "citysName": "Atlanta"
            },
            {
                "citysName": "Houston"
            },
            {
                "citysName": "San Diego"
            },
            {
                "citysName": "Dallas"
            },
            {
                "citysName": "Minneapolis"
            },
            {
                "citysName": "Columbus"
            },
            {
                "citysName": "Pittsburgh"
            },
            {
                "citysName": "Phoenix"
            },
            {
                "citysName": "Indianapolis"
            },
            {
                "citysName": "Detroit"
            },
            {
                "citysName": "St. Louis"
            },
            {
                "citysName": "Miami"
            },
            {
                "citysName": "Denver"
            },
            {
                "citysName": "Portland"
            },
            {
                "citysName": "Ann Arbor"
            },
            {
                "citysName": "Cleveland"
            },
            {
                "citysName": "Las Vegas"
            },
            {
                "citysName": "Austin"
            },
            {
                "citysName": "Kansas City"
            },
            {
                "citysName": "Raleigh"
            },
            {
                "citysName": "Orlando"
            },
            {
                "citysName": "Cupertino"
            },
            {
                "citysName": "Iowa City"
            },
            {
                "citysName": "Newark"
            },
            {
                "citysName": "Hawaii"
            },
            {
                "citysName": "Cincinnati"
            },
            {
                "citysName": "Salt Lake City"
            },
            {
                "citysName": "Baltimore"
            },
            {
                "citysName": "Providence"
            },
            {
                "citysName": "Oklahoma City"
            },
            {
                "citysName": "Rochester"
            },
            {
                "citysName": "Buffalo"
            },
            {
                "citysName": "New Orleans"
            },
            {
                "citysName": "Charlotte"
            },
            {
                "citysName": "Syracuse"
            },
            {
                "citysName": "Milwaukee"
            },
            {
                "citysName": "New Haven"
            },
            {
                "citysName": "Sacramento"
            },
            {
                "citysName": "Eugene"
            },
            {
                "citysName": "Madison"
            },
            {
                "citysName": "Hartford"
            },
            {
                "citysName": "Virginia Beach"
            },
            {
                "citysName": "Nashville/Davidson"
            },
            {
                "citysName": "LINCOLN"
            },
            {
                "citysName": "Albany"
            },
            {
                "citysName": "Tampa"
            },
            {
                "citysName": "Richmond"
            },
            {
                "citysName": "Ithaca"
            },
            {
                "citysName": "Birmingham"
            },
            {
                "citysName": "San Antonio"
            },
            {
                "citysName": "Champaign"
            },
            {
                "citysName": "West Lafayette"
            },
            {
                "citysName": "State College"
            },
            {
                "citysName": "Durham"
            },
            {
                "citysName": "Little Rock"
            },
            {
                "citysName": "Gainesville"
            },
            {
                "citysName": "Louisville"
            },
            {
                "citysName": "Dayton"
            },
            {
                "citysName": "Charlottesville"
            },
            {
                "citysName": "Memphis"
            },
            {
                "citysName": "Greenville"
            },
            {
                "citysName": "Bloomington"
            },
            {
                "citysName": "Tucson"
            },
            {
                "citysName": "Omaha"
            },
            {
                "citysName": "Greensboro"
            },
            {
                "citysName": "Jacksonville"
            },
            {
                "citysName": "Grand Rapids"
            },
            {
                "citysName": "Knoxville"
            },
            {
                "citysName": "Albuquerque"
            },
            {
                "citysName": "Tallahassee"
            },
            {
                "citysName": "Fargo"
            },
            {
                "citysName": "Athens"
            },
            {
                "citysName": "Jackson"
            },
            {
                "citysName": "College Station"
            },
            {
                "citysName": "Savannah"
            },
            {
                "citysName": "Lubbock"
            },
            {
                "citysName": "Chapel Hill"
            },
            {
                "citysName": "Fresno"
            },
            {
                "citysName": "Laramie"
            },
            {
                "citysName": "Santa Fe"
            },
            {
                "citysName": "Fayetteville"
            },
            {
                "citysName": "Pasadena"
            },
            {
                "citysName": "Ames"
            },
            {
                "citysName": "San Marino"
            },
            {
                "citysName": "Tifton"
            }
        ],
        "provinceName": "United States"
    },
    {
        "citys": [
            {
                "citysName": "Sydney"
            },
            {
                "citysName": "Melbourne"
            },
            {
                "citysName": "Brisbane"
            },
            {
                "citysName": "Adelaide"
            },
            {
                "citysName": "Perth"
            },
            {
                "citysName": "Canberra"
            },
            {
                "citysName": "Newcastle"
            },
            {
                "citysName": "Hobart"
            },
            {
                "citysName": "Gold Coast"
            }
        ],
        "provinceName": "Australia"
    },
    {
        "citys": [
            {
                "citysName": "London"
            },
            {
                "citysName": "Manchester"
            },
            {
                "citysName": "Birmingham"
            },
            {
                "citysName": "Edinburgh"
            },
            {
                "citysName": "Liverpool"
            },
            {
                "citysName": "Glasgow"
            },
            {
                "citysName": "Newcastle upon Tyne"
            },
            {
                "citysName": "Sheffield"
            },
            {
                "citysName": "Cambridge"
            },
            {
                "citysName": "Leeds"
            },
            {
                "citysName": "Bristol"
            },
            {
                "citysName": "Nottingham"
            },
            {
                "citysName": "Oxford"
            },
            {
                "citysName": "York"
            },
            {
                "citysName": "Southampton"
            },
            {
                "citysName": "Coventry"
            },
            {
                "citysName": "Cardiff"
            },
            {
                "citysName": "Leicester"
            },
            {
                "citysName": "Bath"
            },
            {
                "citysName": "Belfast"
            },
            {
                "citysName": "Lancaster"
            },
            {
                "citysName": "Exeter"
            },
            {
                "citysName": "Lancashire"
            },
            {
                "citysName": "Swansea"
            },
            {
                "citysName": "Plymouth"
            }
        ],
        "provinceName": "United Kingdom"
    },
    {
        "citys": [
            {
                "citysName": "Toronto"
            },
            {
                "citysName": "Vancouver"
            },
            {
                "citysName": "Montréal"
            },
            {
                "citysName": "London (Canada)"
            },
            {
                "citysName": "Edmonton"
            },
            {
                "citysName": "Ottawa"
            },
            {
                "citysName": "Calgary"
            },
            {
                "citysName": "Waterloo"
            },
            {
                "citysName": "winnipeg"
            },
            {
                "citysName": "Victoria"
            },
            {
                "citysName": "Halifax"
            },
            {
                "citysName": "St. Catharines"
            },
            {
                "citysName": "Quebec"
            },
            {
                "citysName": "Guelph"
            },
            {
                "citysName": "Fredericton"
            },
            {
                "citysName": "St.John's"
            }
        ],
        "provinceName": "Canada"
    },
    {
        "citys": [
            {
                "citysName": "Tōkyō"
            },
            {
                "citysName": "Ōsaka"
            },
            {
                "citysName": "Kyoto"
            },
            {
                "citysName": "Kanagawa"
            },
            {
                "citysName": "Nagoya"
            },
            {
                "citysName": "Fukuoka"
            },
            {
                "citysName": "Yokohama"
            },
            {
                "citysName": "Chiba"
            },
            {
                "citysName": "Sapporo"
            },
            {
                "citysName": "kobe"
            },
            {
                "citysName": "Okayama"
            },
            {
                "citysName": "Hiroshima"
            },
            {
                "citysName": "Shizuoka"
            },
            {
                "citysName": "Nara"
            },
            {
                "citysName": "Tsukuba"
            },
            {
                "citysName": "Sendai"
            },
            {
                "citysName": "Kumamoto"
            },
            {
                "citysName": "Kanazawa"
            },
            {
                "citysName": "Kagoshima"
            },
            {
                "citysName": "Naha"
            },
            {
                "citysName": "Himeji"
            },
            {
                "citysName": "Nagasaki"
            },
            {
                "citysName": "Kitakyūshū"
            },
            {
                "citysName": "Kusatsu"
            },
            {
                "citysName": "Hamamatsu"
            }
        ],
        "provinceName": "Japan"
    },
    {
        "citys": [],
        "provinceName": "Singapore"
    },
    {
        "citys": [
            {
                "citysName": "Milano"
            },
            {
                "citysName": "Roma"
            },
            {
                "citysName": "Firenze"
            },
            {
                "citysName": "Venice"
            },
            {
                "citysName": "Torino"
            },
            {
                "citysName": "Bologna"
            },
            {
                "citysName": "Napoli"
            },
            {
                "citysName": "Siena"
            },
            {
                "citysName": "Genova"
            },
            {
                "citysName": "Padova"
            },
            {
                "citysName": "Pisa"
            }
        ],
        "provinceName": "Italy"
    },
    {
        "citys": [
            {
                "citysName": "Kābol"
            }
        ],
        "provinceName": "Afghanistan"
    },
    {
        "citys": [
            {
                "citysName": "Kuala Lumpur"
            },
            {
                "citysName": "Johor Baharu"
            },
            {
                "citysName": "Penang"
            }
        ],
        "provinceName": "Malaysia"
    },
    {
        "citys": [
            {
                "citysName": "Paris"
            },
            {
                "citysName": "Lyon"
            },
            {
                "citysName": "Aix-en-Provence"
            },
            {
                "citysName": "Nantes"
            },
            {
                "citysName": "Lille"
            },
            {
                "citysName": "Nice"
            },
            {
                "citysName": "Bordeaux"
            },
            {
                "citysName": "Marseille"
            },
            {
                "citysName": "Toulouse"
            },
            {
                "citysName": "Rennes"
            },
            {
                "citysName": "Strasbourg"
            },
            {
                "citysName": "Grenoble"
            },
            {
                "citysName": "Nancy"
            },
            {
                "citysName": "Dijon"
            },
            {
                "citysName": "Clermont-Ferrand"
            },
            {
                "citysName": "Besancon"
            },
            {
                "citysName": "Rouen"
            }
        ],
        "provinceName": "France"
    },
    {
        "citys": [
            {
                "citysName": "Berlin"
            },
            {
                "citysName": "München"
            },
            {
                "citysName": "Frankfurt (am Main)"
            },
            {
                "citysName": "Düsseldorf"
            },
            {
                "citysName": "Köln"
            },
            {
                "citysName": "Stuttgart"
            },
            {
                "citysName": "Hamburg"
            },
            {
                "citysName": "Hannover"
            },
            {
                "citysName": "Dresden"
            },
            {
                "citysName": "Mannheim"
            },
            {
                "citysName": "Karlsruhe"
            },
            {
                "citysName": "Nürnberg"
            },
            {
                "citysName": "Ruhr"
            },
            {
                "citysName": "Leipzig"
            },
            {
                "citysName": "Bremen"
            },
            {
                "citysName": "Heidelberg"
            },
            {
                "citysName": "Dortmund"
            },
            {
                "citysName": "Goettingen"
            },
            {
                "citysName": "Freiburg"
            },
            {
                "citysName": "Weimar"
            },
            {
                "citysName": "Bonn"
            },
            {
                "citysName": "Chemnitz"
            },
            {
                "citysName": "Tübingen"
            },
            {
                "citysName": "Dessau"
            },
            {
                "citysName": "Darmstadt"
            },
            {
                "citysName": "Paderborn"
            },
            {
                "citysName": "Kiel"
            },
            {
                "citysName": "Bielefeld"
            },
            {
                "citysName": "Magdeburg"
            },
            {
                "citysName": "Bayreuth"
            },
            {
                "citysName": "Osnabrück"
            },
            {
                "citysName": "Konstanz"
            },
            {
                "citysName": "Witzenhausen"
            },
            {
                "citysName": "Regensburg"
            },
            {
                "citysName": "Saarbrücken"
            },
            {
                "citysName": "Schwerin"
            },
            {
                "citysName": "Kassel"
            }
        ],
        "provinceName": "Germany"
    },
    {
        "citys": [
            {
                "citysName": "Seoul (Sŏul)"
            },
            {
                "citysName": "Busan (Pusan)"
            },
            {
                "citysName": "Daegu (Taegu)"
            },
            {
                "citysName": "Daejeon (Taejŏn)"
            },
            {
                "citysName": "Gwangju (Kwangju)"
            },
            {
                "citysName": "Jeonju"
            },
            {
                "citysName": "Ulsan"
            }
        ],
        "provinceName": "South Korea"
    },
    {
        "citys": [
            {
                "citysName": "Auckland"
            },
            {
                "citysName": "Wellington"
            },
            {
                "citysName": "Christchurch"
            },
            {
                "citysName": "Queenstown"
            }
        ],
        "provinceName": "New Zealand"
    },
    {
        "citys": [
            {
                "citysName": "Madrid"
            },
            {
                "citysName": "Barcelona"
            },
            {
                "citysName": "València"
            },
            {
                "citysName": "Sevilla"
            },
            {
                "citysName": "Granada"
            },
            {
                "citysName": "Ávila"
            },
            {
                "citysName": "Zaragoza"
            }
        ],
        "provinceName": "Spain"
    },
    {
        "citys": [],
        "provinceName": "American Samoa"
    },
    {
        "citys": [],
        "provinceName": "Aland Islands"
    },
    {
        "citys": [],
        "provinceName": "Fiji"
    },
    {
        "citys": [
            {
                "citysName": "Reykjavík"
            }
        ],
        "provinceName": "Iceland"
    },
    {
        "citys": [
            {
                "citysName": "Krung Thep"
            },
            {
                "citysName": "清迈"
            },
            {
                "citysName": "曼谷"
            },
            {
                "citysName": "Chiang Rai"
            },
            {
                "citysName": "Pai"
            },
            {
                "citysName": "Koh Chang"
            },
            {
                "citysName": "Khon Kaen"
            }
        ],
        "provinceName": "Thailand"
    },
    {
        "citys": [
            {
                "citysName": "Amsterdam"
            },
            {
                "citysName": "Rotterdam"
            },
            {
                "citysName": "Eindhoven"
            },
            {
                "citysName": "DenHaag"
            },
            {
                "citysName": "Utrecht"
            },
            {
                "citysName": "Maastricht"
            }
        ],
        "provinceName": "Netherlands"
    },
    {
        "citys": [],
        "provinceName": "Albania"
    },
    {
        "citys": [
            {
                "citysName": "Moskva"
            },
            {
                "citysName": "Sankt-Peterburg (Leningrad)"
            },
            {
                "citysName": "Vladivostok"
            },
            {
                "citysName": "Novosibirsk"
            },
            {
                "citysName": "Kazan'"
            },
            {
                "citysName": "Jekaterinburg (Sverdlovsk)"
            },
            {
                "citysName": "Čel'abinsk"
            },
            {
                "citysName": "Krasnojarsk"
            },
            {
                "citysName": "Volgograd"
            },
            {
                "citysName": "Nižnij Novgorod (Gor'kij)"
            },
            {
                "citysName": "Тамбов"
            },
            {
                "citysName": "Rostov-na-Donu"
            },
            {
                "citysName": "Omsk"
            },
            {
                "citysName": "Ufa"
            },
            {
                "citysName": "Samara (Kujbyšev)"
            },
            {
                "citysName": "Perm'"
            },
            {
                "citysName": "Saratov"
            }
        ],
        "provinceName": "Russia"
    },
    {
        "citys": [
            {
                "citysName": "Stockholm"
            },
            {
                "citysName": "Göteborg"
            },
            {
                "citysName": "Lund"
            },
            {
                "citysName": "Uppsala"
            },
            {
                "citysName": "Gävle"
            },
            {
                "citysName": "Karlskrona"
            },
            {
                "citysName": "Jönköping"
            },
            {
                "citysName": "Linköping"
            },
            {
                "citysName": "Umeå"
            },
            {
                "citysName": "Växjö"
            },
            {
                "citysName": "Malmö"
            }
        ],
        "provinceName": "Sweden"
    },
    {
        "citys": [
            {
                "citysName": "Zürich"
            },
            {
                "citysName": "Lausanne"
            },
            {
                "citysName": "Genève"
            },
            {
                "citysName": "Basel"
            },
            {
                "citysName": "Bern"
            }
        ],
        "provinceName": "Switzerland"
    },
    {
        "citys": [
            {
                "citysName": "Alger"
            },
            {
                "citysName": "El Djazaïr"
            },
            {
                "citysName": "Wahran"
            }
        ],
        "provinceName": "Algeria"
    },
    {
        "citys": [
            {
                "citysName": "Oslo"
            },
            {
                "citysName": "Bergen"
            },
            {
                "citysName": "Trondheim"
            }
        ],
        "provinceName": "Norway"
    },
    {
        "citys": [
            {
                "citysName": "Wien"
            }
        ],
        "provinceName": "Austria"
    },
    {
        "citys": [
            {
                "citysName": "Helsinki (Helsingfors)"
            },
            {
                "citysName": "Tampere"
            },
            {
                "citysName": "Jyvaskyla"
            }
        ],
        "provinceName": "Finland"
    },
    {
        "citys": [
            {
                "citysName": "København"
            },
            {
                "citysName": "Odense"
            },
            {
                "citysName": "Aalborg"
            },
            {
                "citysName": "Aarhus"
            },
            {
                "citysName": "Roskilde"
            }
        ],
        "provinceName": "Denmark"
    },
    {
        "citys": [
            {
                "citysName": "São Paulo"
            },
            {
                "citysName": "Rio de Janeiro"
            },
            {
                "citysName": "Belém"
            },
            {
                "citysName": "Fortaleza"
            },
            {
                "citysName": "Brasília"
            },
            {
                "citysName": "Salvador"
            },
            {
                "citysName": "Belo Horizonte"
            },
            {
                "citysName": "Porto Alegre"
            },
            {
                "citysName": "Campinas"
            },
            {
                "citysName": "Curitiba"
            },
            {
                "citysName": "Vitória"
            },
            {
                "citysName": "Santos"
            },
            {
                "citysName": "Goiânia"
            },
            {
                "citysName": "Maceió"
            },
            {
                "citysName": "Natal"
            },
            {
                "citysName": "João Pessoa"
            },
            {
                "citysName": "Joinville"
            },
            {
                "citysName": "São Luís"
            },
            {
                "citysName": "Recife"
            },
            {
                "citysName": "Manaus"
            }
        ],
        "provinceName": "Brazil"
    },
    {
        "citys": [
            {
                "citysName": "Dublin (Baile Átha Cliath)"
            },
            {
                "citysName": "Cork"
            },
            {
                "citysName": "Galway"
            }
        ],
        "provinceName": "Ireland"
    },
    {
        "citys": [
            {
                "citysName": "Luanda"
            }
        ],
        "provinceName": "Angola"
    },
    {
        "citys": [
            {
                "citysName": "Buenos Aires"
            },
            {
                "citysName": "Rosario"
            },
            {
                "citysName": "Córdoba"
            },
            {
                "citysName": "Mendoza"
            }
        ],
        "provinceName": "Argentina"
    },
    {
        "citys": [
            {
                "citysName": "Athínai"
            }
        ],
        "provinceName": "Greece"
    },
    {
        "citys": [
            {
                "citysName": "Dubayy"
            }
        ],
        "provinceName": "United Arab Emirates"
    },
    {
        "citys": [
            {
                "citysName": "San'ā'"
            }
        ],
        "provinceName": "Yemen"
    },
    {
        "citys": [],
        "provinceName": "Andorra"
    },
    {
        "citys": [
            {
                "citysName": "Thanh Pho Ho Chi Minh"
            },
            {
                "citysName": "Ha Noi"
            },
            {
                "citysName": "Hai Phong"
            }
        ],
        "provinceName": "Vietnam"
    },
    {
        "citys": [
            {
                "citysName": "Manila"
            },
            {
                "citysName": "Cebu"
            },
            {
                "citysName": "Davao"
            }
        ],
        "provinceName": "Philippines"
    },
    {
        "citys": [
            {
                "citysName": "P'yŏngyang"
            },
            {
                "citysName": "Namp'o"
            }
        ],
        "provinceName": "North Korea"
    },
    {
        "citys": [
            {
                "citysName": "Abidjan"
            }
        ],
        "provinceName": "Côte d'Ivoire"
    },
    {
        "citys": [
            {
                "citysName": "Bruxelles (Brussel)"
            },
            {
                "citysName": "Antwerpen (Anvers)"
            },
            {
                "citysName": "Gent"
            }
        ],
        "provinceName": "Belgium"
    },
    {
        "citys": [
            {
                "citysName": "Harare (Salisbury)"
            }
        ],
        "provinceName": "Zimbabwe"
    },
    {
        "citys": [
            {
                "citysName": "La Habana"
            }
        ],
        "provinceName": "Cuba"
    },
    {
        "citys": [
            {
                "citysName": "Al-Qāhirah"
            },
            {
                "citysName": "Al-Iskandarīyah"
            }
        ],
        "provinceName": "Egypt"
    },
    {
        "citys": [
            {
                "citysName": "Santiago"
            }
        ],
        "provinceName": "Chile"
    },
    {
        "citys": [
            {
                "citysName": "Ciudad de México"
            },
            {
                "citysName": "León"
            },
            {
                "citysName": "Monterrey"
            },
            {
                "citysName": "San Luis Potosí"
            },
            {
                "citysName": "Guadalajara"
            },
            {
                "citysName": "Tijuana"
            },
            {
                "citysName": "Puebla"
            },
            {
                "citysName": "Torreón"
            },
            {
                "citysName": "Toluca"
            },
            {
                "citysName": "Ciudad Juárez"
            }
        ],
        "provinceName": "Mexico"
    },
    {
        "citys": [
            {
                "citysName": "İstanbul"
            },
            {
                "citysName": "Ankara"
            },
            {
                "citysName": "Adana"
            },
            {
                "citysName": "İzmir"
            },
            {
                "citysName": "Bursa"
            },
            {
                "citysName": "Gaziantep"
            }
        ],
        "provinceName": "Turkey"
    },
    {
        "citys": [
            {
                "citysName": "Lusaka"
            }
        ],
        "provinceName": "Zambia"
    },
    {
        "citys": [
            {
                "citysName": "Delhi"
            },
            {
                "citysName": "Mumbai"
            },
            {
                "citysName": "Bangalore"
            },
            {
                "citysName": "Chennai"
            },
            {
                "citysName": "Hyderābād"
            },
            {
                "citysName": "Kolkata"
            },
            {
                "citysName": "Ahmadābād"
            },
            {
                "citysName": "Vārānasi"
            },
            {
                "citysName": "Visākhpatnam (Vishākhpatnam)"
            },
            {
                "citysName": "Āgra"
            },
            {
                "citysName": "Jaipur"
            },
            {
                "citysName": "Pune"
            },
            {
                "citysName": "Chandīgarh"
            },
            {
                "citysName": "Bhilai (Bhilai Nagar)"
            },
            {
                "citysName": "Shambajinagar (Aurangābād)"
            },
            {
                "citysName": "Jabalpur"
            },
            {
                "citysName": "Indore"
            },
            {
                "citysName": "Amritsar"
            },
            {
                "citysName": "Lucknow"
            },
            {
                "citysName": "Kochi (Cochin)"
            },
            {
                "citysName": "Vijayawāda"
            },
            {
                "citysName": "Asansol"
            },
            {
                "citysName": "Rājkot"
            },
            {
                "citysName": "Patna"
            },
            {
                "citysName": "Nāgpur"
            },
            {
                "citysName": "Allahābād"
            },
            {
                "citysName": "Srīnagar"
            },
            {
                "citysName": "Jodhpur"
            },
            {
                "citysName": "Vadodara (Baroda)"
            },
            {
                "citysName": "Solāpur (Sholāpur)"
            },
            {
                "citysName": "Sūrat"
            },
            {
                "citysName": "Madurai"
            },
            {
                "citysName": "Bhopāl"
            },
            {
                "citysName": "Coimbatore"
            },
            {
                "citysName": "Gwalior"
            },
            {
                "citysName": "Kānpur"
            },
            {
                "citysName": "Meerut"
            },
            {
                "citysName": "Dhanbād"
            },
            {
                "citysName": "Rānchi"
            },
            {
                "citysName": "Jamshedpur"
            },
            {
                "citysName": "Nāshik"
            },
            {
                "citysName": "Ludhiāna"
            }
        ],
        "provinceName": "India"
    },
    {
        "citys": [],
        "provinceName": "Bahamas"
    },
    {
        "citys": [
            {
                "citysName": "Yerevan"
            },
            {
                "citysName": "Gyumri"
            }
        ],
        "provinceName": "Armenia"
    },
    {
        "citys": [
            {
                "citysName": "Casablanca (Dar-el-Beida)"
            },
            {
                "citysName": "Fès"
            },
            {
                "citysName": "Rabat"
            }
        ],
        "provinceName": "Morocco"
    },
    {
        "citys": [
            {
                "citysName": "Johannesburg"
            },
            {
                "citysName": "Cape Town (Kaapstad)"
            },
            {
                "citysName": "Durban"
            },
            {
                "citysName": "Port Elizabeth"
            },
            {
                "citysName": "Pretoria"
            }
        ],
        "provinceName": "South Africa"
    },
    {
        "citys": [
            {
                "citysName": "Praha"
            }
        ],
        "provinceName": "Czech Republic"
    },
    {
        "citys": [
            {
                "citysName": "Jakarta"
            },
            {
                "citysName": "Surabaya"
            },
            {
                "citysName": "Medan"
            },
            {
                "citysName": "Bandung"
            },
            {
                "citysName": "Tanjungkarang (Bandar Lampung)"
            },
            {
                "citysName": "Semarang"
            },
            {
                "citysName": "Palembang"
            },
            {
                "citysName": "Ujungpandang"
            }
        ],
        "provinceName": "Indonesia"
    },
    {
        "citys": [
            {
                "citysName": "Warszawa"
            },
            {
                "citysName": "Łódź"
            },
            {
                "citysName": "Katowice"
            },
            {
                "citysName": "Gdańsk"
            }
        ],
        "provinceName": "Poland"
    },
    {
        "citys": [
            {
                "citysName": "La Paz"
            },
            {
                "citysName": "Santa Cruz"
            }
        ],
        "provinceName": "Bolivia"
    },
    {
        "citys": [],
        "provinceName": "Aruba"
    },
    {
        "citys": [
            {
                "citysName": "Tel Aviv-Yafo"
            }
        ],
        "provinceName": "Israel"
    },
    {
        "citys": [],
        "provinceName": "Antigua and Barbuda"
    },
    {
        "citys": [
            {
                "citysName": "Kyyiv"
            },
            {
                "citysName": "Odesa"
            },
            {
                "citysName": "Kharkiv"
            },
            {
                "citysName": "Dnipropetrovs'k"
            },
            {
                "citysName": "Donets'k"
            }
        ],
        "provinceName": "Ukraine"
    },
    {
        "citys": [
            {
                "citysName": "Phnum Pénh"
            }
        ],
        "provinceName": "Cambodia"
    },
    {
        "citys": [],
        "provinceName": "Anguilla"
    },
    {
        "citys": [
            {
                "citysName": "Budapest"
            }
        ],
        "provinceName": "Hungary"
    },
    {
        "citys": [],
        "provinceName": "Christmas Islands"
    },
    {
        "citys": [
            {
                "citysName": "Minsk"
            }
        ],
        "provinceName": "Belarus"
    },
    {
        "citys": [],
        "provinceName": "Togo"
    },
    {
        "citys": [
            {
                "citysName": "Lisboa"
            },
            {
                "citysName": "Porto"
            }
        ],
        "provinceName": "Portugal"
    },
    {
        "citys": [],
        "provinceName": "Antarctica"
    },
    {
        "citys": [
            {
                "citysName": "Kāthmāndau"
            }
        ],
        "provinceName": "Nepal"
    },
    {
        "citys": [
            {
                "citysName": "Lima"
            }
        ],
        "provinceName": "Peru"
    },
    {
        "citys": [],
        "provinceName": "Brunei"
    },
    {
        "citys": [
            {
                "citysName": "Mbuji-Mayi"
            },
            {
                "citysName": "Kinshasa"
            },
            {
                "citysName": "Lubumbashi"
            }
        ],
        "provinceName": "Congo (Democratic Republic)"
    },
    {
        "citys": [
            {
                "citysName": "Almaty"
            }
        ],
        "provinceName": "Kazakhstan"
    },
    {
        "citys": [
            {
                "citysName": "Bogotá (Santa Fe de)"
            },
            {
                "citysName": "Cali"
            },
            {
                "citysName": "Medellín"
            },
            {
                "citysName": "Cartagena"
            },
            {
                "citysName": "Barranquilla"
            },
            {
                "citysName": "Bucaramanga"
            }
        ],
        "provinceName": "Colombia"
    },
    {
        "citys": [],
        "provinceName": "Belize"
    },
    {
        "citys": [],
        "provinceName": "Benin"
    },
    {
        "citys": [
            {
                "citysName": "Riga"
            }
        ],
        "provinceName": "Latvia"
    },
    {
        "citys": [],
        "provinceName": "Antigua"
    },
    {
        "citys": [
            {
                "citysName": "Ar-Riyād"
            },
            {
                "citysName": "Jeddah"
            },
            {
                "citysName": "Ad-Dammām"
            },
            {
                "citysName": "Al-Madīnah"
            },
            {
                "citysName": "Makkah"
            }
        ],
        "provinceName": "Saudi Arabia"
    },
    {
        "citys": [
            {
                "citysName": "Baghdād"
            },
            {
                "citysName": "Al-Basrah"
            },
            {
                "citysName": "Al-Mawsil"
            }
        ],
        "provinceName": "Iraq"
    },
    {
        "citys": [
            {
                "citysName": "Port-au-Prince"
            }
        ],
        "provinceName": "Haiti"
    },
    {
        "citys": [
            {
                "citysName": "Colombo"
            }
        ],
        "provinceName": "Sri Lanka"
    },
    {
        "citys": [
            {
                "citysName": "Tehrān"
            },
            {
                "citysName": "Esfahān"
            },
            {
                "citysName": "Mashhad"
            },
            {
                "citysName": "Tabrīz"
            },
            {
                "citysName": "Shīrāz"
            }
        ],
        "provinceName": "Iran"
    },
    {
        "citys": [
            {
                "citysName": "Nairobi"
            }
        ],
        "provinceName": "Kenya"
    },
    {
        "citys": [],
        "provinceName": "British Indian Ocean Territory"
    },
    {
        "citys": [],
        "provinceName": "Bermuda"
    },
    {
        "citys": [],
        "provinceName": "Greenland"
    },
    {
        "citys": [
            {
                "citysName": "Tarābulus"
            }
        ],
        "provinceName": "Libya"
    },
    {
        "citys": [
            {
                "citysName": "Luxemburg City"
            }
        ],
        "provinceName": "Luxembourg"
    },
    {
        "citys": [
            {
                "citysName": "Caracas"
            },
            {
                "citysName": "Valencia"
            },
            {
                "citysName": "Barquisimeto"
            },
            {
                "citysName": "Maracay"
            },
            {
                "citysName": "Maracaibo"
            }
        ],
        "provinceName": "Venezuela"
    },
    {
        "citys": [],
        "provinceName": "British Virgin Islands"
    },
    {
        "citys": [
            {
                "citysName": "Bamako"
            }
        ],
        "provinceName": "Mali"
    },
    {
        "citys": [
            {
                "citysName": "Bakı"
            }
        ],
        "provinceName": "Azerbaijan"
    },
    {
        "citys": [
            {
                "citysName": "San José"
            }
        ],
        "provinceName": "Costa Rica"
    },
    {
        "citys": [
            {
                "citysName": "Antananarivo (Tananarive)"
            }
        ],
        "provinceName": "Madagascar"
    },
    {
        "citys": [
            {
                "citysName": "Yangon"
            }
        ],
        "provinceName": "Myanmar"
    },
    {
        "citys": [
            {
                "citysName": "Ciudad de Panamá"
            }
        ],
        "provinceName": "Panama"
    },
    {
        "citys": [],
        "provinceName": "Bahrain"
    },
    {
        "citys": [
            {
                "citysName": "Halab"
            },
            {
                "citysName": "Dimashq"
            }
        ],
        "provinceName": "Syria"
    },
    {
        "citys": [],
        "provinceName": "Maldives"
    },
    {
        "citys": [],
        "provinceName": "Barbados"
    },
    {
        "citys": [
            {
                "citysName": "Brazzaville"
            }
        ],
        "provinceName": "Congo (Brazzaville)"
    },
    {
        "citys": [
            {
                "citysName": "San Salvador"
            }
        ],
        "provinceName": "El Salvador"
    },
    {
        "citys": [
            {
                "citysName": "Bucureşti"
            }
        ],
        "provinceName": "Romania"
    },
    {
        "citys": [],
        "provinceName": "Western Sahara"
    },
    {
        "citys": [
            {
                "citysName": "'Ammān"
            }
        ],
        "provinceName": "Jordan"
    },
    {
        "citys": [],
        "provinceName": "Monaco"
    },
    {
        "citys": [],
        "provinceName": "Bosnia and Herzegovina"
    },
    {
        "citys": [
            {
                "citysName": "Adis Abeba"
            }
        ],
        "provinceName": "Ethiopia"
    },
    {
        "citys": [
            {
                "citysName": "Santo Domingo (de Guzman)"
            }
        ],
        "provinceName": "Dominican Republic"
    },
    {
        "citys": [],
        "provinceName": "Vatican City"
    },
    {
        "citys": [
            {
                "citysName": "Accra"
            }
        ],
        "provinceName": "Ghana"
    },
    {
        "citys": [
            {
                "citysName": "Ulan Bator"
            }
        ],
        "provinceName": "Mongolia"
    },
    {
        "citys": [
            {
                "citysName": "Douala"
            },
            {
                "citysName": "Yaoundé"
            }
        ],
        "provinceName": "Cameroon"
    },
    {
        "citys": [
            {
                "citysName": "Karāchi"
            },
            {
                "citysName": "Lahore"
            },
            {
                "citysName": "Rāwalpindi"
            },
            {
                "citysName": "Faisalabad (Lyallpur)"
            },
            {
                "citysName": "Multān"
            },
            {
                "citysName": "Gujrānwāla"
            },
            {
                "citysName": "Peshāwar"
            },
            {
                "citysName": "Hyderābād"
            }
        ],
        "provinceName": "Pakistan"
    },
    {
        "citys": [],
        "provinceName": "Cook Islands"
    },
    {
        "citys": [
            {
                "citysName": "Al-Khartūm"
            },
            {
                "citysName": "Er-Roseires"
            }
        ],
        "provinceName": "Sudan"
    },
    {
        "citys": [],
        "provinceName": "Yugoslavia"
    },
    {
        "citys": [],
        "provinceName": "Cocos Islands"
    },
    {
        "citys": [
            {
                "citysName": "Dar es Salaam"
            }
        ],
        "provinceName": "Tanzania"
    },
    {
        "citys": [],
        "provinceName": "Gabon"
    },
    {
        "citys": [
            {
                "citysName": "Quito"
            },
            {
                "citysName": "Guayaquil"
            }
        ],
        "provinceName": "Ecuador"
    },
    {
        "citys": [
            {
                "citysName": "Dhaka"
            },
            {
                "citysName": "Chittagong"
            },
            {
                "citysName": "Khulna"
            }
        ],
        "provinceName": "Bangladesh"
    },
    {
        "citys": [],
        "provinceName": "Bhutan"
    },
    {
        "citys": [
            {
                "citysName": "Freetown"
            }
        ],
        "provinceName": "Sierra Leone"
    },
    {
        "citys": [
            {
                "citysName": "Tbilisi"
            }
        ],
        "provinceName": "Georgia"
    },
    {
        "citys": [
            {
                "citysName": "Beograd"
            },
            {
                "citysName": "Novi Sad"
            }
        ],
        "provinceName": "Serbia"
    },
    {
        "citys": [
            {
                "citysName": "Ghazzah"
            }
        ],
        "provinceName": "Palestinian Territories"
    },
    {
        "citys": [],
        "provinceName": "Chad"
    },
    {
        "citys": [],
        "provinceName": "Jamaica"
    },
    {
        "citys": [],
        "provinceName": "Botswana"
    },
    {
        "citys": [
            {
                "citysName": "Sofija"
            }
        ],
        "provinceName": "Bulgaria"
    },
    {
        "citys": [],
        "provinceName": "Vanuatu"
    },
    {
        "citys": [
            {
                "citysName": "Lagos"
            },
            {
                "citysName": "Kano"
            },
            {
                "citysName": "Kaduna"
            },
            {
                "citysName": "Benin City"
            },
            {
                "citysName": "Ibadan"
            },
            {
                "citysName": "Port Harcourt"
            }
        ],
        "provinceName": "Nigeria"
    },
    {
        "citys": [],
        "provinceName": "United States Virgin Islands"
    },
    {
        "citys": [
            {
                "citysName": "Ouagadougou"
            }
        ],
        "provinceName": "Burkina Faso"
    },
    {
        "citys": [
            {
                "citysName": "Muqdisho"
            }
        ],
        "provinceName": "Somalia"
    },
    {
        "citys": [
            {
                "citysName": "Podgorica"
            }
        ],
        "provinceName": "Montenegro"
    },
    {
        "citys": [],
        "provinceName": "Burundi"
    },
    {
        "citys": [],
        "provinceName": "Cape Verde"
    },
    {
        "citys": [
            {
                "citysName": "Ljubljana"
            }
        ],
        "provinceName": "Slovenia"
    },
    {
        "citys": [
            {
                "citysName": "San Juan"
            }
        ],
        "provinceName": "Puerto Rico"
    },
    {
        "citys": [],
        "provinceName": "Dominica"
    },
    {
        "citys": [],
        "provinceName": "Falkland Islands"
    },
    {
        "citys": [
            {
                "citysName": "Bata"
            }
        ],
        "provinceName": "Equatorial Guinea"
    },
    {
        "citys": [
            {
                "citysName": "Bayrūt"
            }
        ],
        "provinceName": "Lebanon"
    },
    {
        "citys": [],
        "provinceName": "Franch Guiana"
    },
    {
        "citys": [],
        "provinceName": "Kosovo"
    },
    {
        "citys": [],
        "provinceName": "Wallis and Futuna"
    },
    {
        "citys": [],
        "provinceName": "Island of Niue"
    },
    {
        "citys": [],
        "provinceName": "Curaçao"
    },
    {
        "citys": [],
        "provinceName": "Comoros"
    },
    {
        "citys": [],
        "provinceName": "French Polynesia"
    },
    {
        "citys": [],
        "provinceName": "Franch Metropolitan"
    },
    {
        "citys": [
            {
                "citysName": "Maputo"
            }
        ],
        "provinceName": "Mozambique"
    },
    {
        "citys": [
            {
                "citysName": "Dakar"
            }
        ],
        "provinceName": "Senegal"
    },
    {
        "citys": [
            {
                "citysName": "Montevideo"
            }
        ],
        "provinceName": "Uruguay"
    },
    {
        "citys": [],
        "provinceName": "Liechtenstein"
    },
    {
        "citys": [],
        "provinceName": "Croatia"
    },
    {
        "citys": [],
        "provinceName": "Bouvet Island"
    },
    {
        "citys": [],
        "provinceName": "Cyprus"
    },
    {
        "citys": [],
        "provinceName": "Guam"
    },
    {
        "citys": [],
        "provinceName": "Cayman Islands"
    },
    {
        "citys": [],
        "provinceName": "Jersey"
    },
    {
        "citys": [
            {
                "citysName": "Valletta"
            }
        ],
        "provinceName": "Malta"
    },
    {
        "citys": [],
        "provinceName": "Tonga"
    },
    {
        "citys": [],
        "provinceName": "Eritrea"
    },
    {
        "citys": [
            {
                "citysName": "Tallinn"
            },
            {
                "citysName": "Tartu"
            }
        ],
        "provinceName": "Estonia"
    },
    {
        "citys": [
            {
                "citysName": "Al-Kuwayt"
            }
        ],
        "provinceName": "Kuwait"
    },
    {
        "citys": [],
        "provinceName": "Macedonia"
    },
    {
        "citys": [],
        "provinceName": "Djibouti"
    },
    {
        "citys": [],
        "provinceName": "Guyana"
    },
    {
        "citys": [],
        "provinceName": "Saint Barthélemy"
    },
    {
        "citys": [],
        "provinceName": "Faroe Islands"
    },
    {
        "citys": [],
        "provinceName": "Papua New Guinea"
    },
    {
        "citys": [],
        "provinceName": "Grenada"
    },
    {
        "citys": [],
        "provinceName": "Tuvalu"
    },
    {
        "citys": [
            {
                "citysName": "Kampala"
            }
        ],
        "provinceName": "Uganda"
    },
    {
        "citys": [],
        "provinceName": "Lesotho"
    },
    {
        "citys": [],
        "provinceName": "Wallis et Futuna"
    },
    {
        "citys": [
            {
                "citysName": "Conakry"
            }
        ],
        "provinceName": "Guinea"
    },
    {
        "citys": [],
        "provinceName": "Slovakia"
    },
    {
        "citys": [],
        "provinceName": "Saint Helena"
    },
    {
        "citys": [],
        "provinceName": "Lithuania"
    },
    {
        "citys": [],
        "provinceName": "Sao Tome and Principe"
    },
    {
        "citys": [],
        "provinceName": "Isle of Man"
    },
    {
        "citys": [
            {
                "citysName": "Ciudad de Guatemala"
            }
        ],
        "provinceName": "Guatemala"
    },
    {
        "citys": [],
        "provinceName": "New Caledonia"
    },
    {
        "citys": [
            {
                "citysName": "Toshkent (Taškent)"
            }
        ],
        "provinceName": "Uzbekistan"
    },
    {
        "citys": [],
        "provinceName": "Gibraltar"
    },
    {
        "citys": [
            {
                "citysName": "Tūnis"
            }
        ],
        "provinceName": "Tunisia"
    },
    {
        "citys": [],
        "provinceName": "Reunion"
    },
    {
        "citys": [],
        "provinceName": "Saint Martin"
    },
    {
        "citys": [],
        "provinceName": "Tokelau"
    },
    {
        "citys": [],
        "provinceName": "Micronesia"
    },
    {
        "citys": [],
        "provinceName": "Norfolk Island"
    },
    {
        "citys": [
            {
                "citysName": "Managua"
            }
        ],
        "provinceName": "Nicaragua"
    },
    {
        "citys": [],
        "provinceName": "Guadeloupe"
    },
    {
        "citys": [
            {
                "citysName": "Asunción"
            }
        ],
        "provinceName": "Paraguay"
    },
    {
        "citys": [],
        "provinceName": "Turks and Caicos Islands"
    },
    {
        "citys": [],
        "provinceName": "Moldova"
    },
    {
        "citys": [],
        "provinceName": "Northern Marianas"
    },
    {
        "citys": [],
        "provinceName": "Mayotte"
    },
    {
        "citys": [],
        "provinceName": "Guernsey"
    },
    {
        "citys": [],
        "provinceName": "Saint Pierre and Miquelon"
    },
    {
        "citys": [],
        "provinceName": "South Sudan"
    },
    {
        "citys": [],
        "provinceName": "Timor-Leste"
    },
    {
        "citys": [],
        "provinceName": "Palestine"
    },
    {
        "citys": [],
        "provinceName": "Montserrat"
    },
    {
        "citys": [],
        "provinceName": "Martinique"
    },
    {
        "citys": [],
        "provinceName": "Pitcairn Islands"
    },
    {
        "citys": [],
        "provinceName": "Saint Kitts-Nevis"
    },
    {
        "citys": [],
        "provinceName": "Sint Maarten"
    },
    {
        "citys": [],
        "provinceName": "Central African Republic"
    },
    {
        "citys": [],
        "provinceName": "East Timor"
    },
    {
        "citys": [],
        "provinceName": "Gambia"
    },
    {
        "citys": [],
        "provinceName": "Guinea-Bissau"
    },
    {
        "citys": [],
        "provinceName": "Honduras"
    },
    {
        "citys": [],
        "provinceName": "Kiribati"
    },
    {
        "citys": [],
        "provinceName": "Kyrgyzstan"
    },
    {
        "citys": [],
        "provinceName": "Laos"
    },
    {
        "citys": [],
        "provinceName": "Liberia"
    },
    {
        "citys": [],
        "provinceName": "Malawi"
    },
    {
        "citys": [],
        "provinceName": "Marshall Islands"
    },
    {
        "citys": [],
        "provinceName": "Mauritania"
    },
    {
        "citys": [],
        "provinceName": "Mauritius"
    },
    {
        "citys": [],
        "provinceName": "Namibia"
    },
    {
        "citys": [],
        "provinceName": "Nauru"
    },
    {
        "citys": [],
        "provinceName": "Niger"
    },
    {
        "citys": [],
        "provinceName": "Oman"
    },
    {
        "citys": [],
        "provinceName": "Palau"
    },
    {
        "citys": [],
        "provinceName": "Qatar"
    },
    {
        "citys": [],
        "provinceName": "Rwanda"
    },
    {
        "citys": [],
        "provinceName": "Saint Kitts and Nevis"
    },
    {
        "citys": [],
        "provinceName": "Saint Lucia"
    },
    {
        "citys": [],
        "provinceName": "Saint Vincent and The Grenadines"
    },
    {
        "citys": [],
        "provinceName": "Samoa"
    },
    {
        "citys": [],
        "provinceName": "San Marino"
    },
    {
        "citys": [],
        "provinceName": "Seychelles"
    },
    {
        "citys": [],
        "provinceName": "Solomon Islands"
    },
    {
        "citys": [],
        "provinceName": "Suriname"
    },
    {
        "citys": [],
        "provinceName": "Swaziland"
    },
    {
        "citys": [],
        "provinceName": "Tajikistan"
    },
    {
        "citys": [],
        "provinceName": "Trinidad and Tobago"
    },
    {
        "citys": [],
        "provinceName": "Turkmenistan"
    },
    {
        "citys": [],
        "provinceName": "Provincia di Udine"
    }
]